Store,Year,Month,total_sales,moving_avg_3m
1,2010,2,6307344.1,6307344.1
1,2010,3,5871293.98,6089319.04
1,2010,4,7422801.92,6533813.33
1,2010,5,5929938.64,6408011.51
1,2010,6,6084081.46,6478940.67
1,2010,7,7244483.04,6419501.05
1,2010,8,6075952.95,6468172.48
1,2010,9,5829793.92,6383409.97
1,2010,10,7150641.75,6352129.54
1,2010,11,6485547.06,6488660.91
1,2010,12,8876953.18,7504380.66
1,2011,1,5480050.97,6947517.07
1,2011,2,6399887.57,6918963.91
1,2011,3,6307375.48,6062438.01
1,2011,4,7689123.6,6798795.55
1,2011,5,6128431.8,6708310.29
1,2011,6,6194971.74,6670842.38
1,2011,7,7227654.31,6517019.28
1,2011,8,6144985.73,6522537.26
1,2011,9,7379542.34,6917394.13
1,2011,10,6072327.75,6532285.27
1,2011,11,6864972.83,6772280.97
1,2011,12,9032594.71,7323298.43
1,2012,1,5723690.52,7207086.02
1,2012,2,6798074.91,7184786.71
1,2012,3,8201997.4,6907920.94
1,2012,4,6511214.82,7170429.04
1,2012,5,6446962.46,7053391.56
1,2012,6,8020582.84,6992920.04
1,2012,7,6233946.67,6900497.32
1,2012,8,7897619.59,7384049.7
1,2012,9,6122381.52,6751315.93
1,2012,10,6245587.29,6755196.13
2,2010,2,8264347.77,8264347.77
2,2010,3,7677765.6,7971056.68
2,2010,4,9520276.09,8487463.15
2,2010,5,7777385.06,8325142.25
2,2010,6,8069642.74,8455767.96
2,2010,7,9316686.92,8387904.91
2,2010,8,7715686.75,8367338.8
2,2010,9,7262197.74,8098190.47
2,2010,10,9012420.11,7996768.2
2,2010,11,8471338.61,8248652.15
2,2010,12,12190116.8,9891291.84
2,2011,1,6949000.95,9203485.45
2,2011,2,8011783.74,9050300.5
2,2011,3,7529434.8,7496739.83
2,2011,4,9136076.69,8225765.08
2,2011,5,7162271.09,7942594.19
2,2011,6,7607607.16,7968651.65
2,2011,7,8929101.75,7899660.0
2,2011,8,7354707.02,7963805.31
2,2011,9,8568254.09,8284020.95
2,2011,10,7185412.12,7702791.08
2,2011,11,8397397.85,8050354.69
2,2011,12,11776834.16,9119881.38
2,2012,1,6916920.87,9030384.29
2,2012,2,8097113.78,8930289.6
2,2012,3,9514186.05,8176073.57
2,2012,4,7676382.55,8429227.46
2,2012,5,7755209.84,8315259.48
2,2012,6,9652012.49,8361201.63
2,2012,7,7449172.87,8285465.07
2,2012,8,9564712.06,8888632.47
2,2012,9,7289469.93,8101118.29
2,2012,10,7581514.93,8145232.31
3,2010,2,1711198.23,1711198.23
3,2010,3,1534680.59,1622939.41
3,2010,4,1895382.98,1713753.93
3,2010,5,1477534.2,1635865.92
3,2010,6,1473409.22,1615442.13
3,2010,7,1783914.22,1578285.88
3,2010,8,1456095.44,1571139.63
3,2010,9,1437426.45,1559145.37
3,2010,10,1796963.56,1563495.15
3,2010,11,1747923.75,1660771.25
3,2010,12,2430890.36,1991925.89
3,2011,1,1475045.38,1884619.83
3,2011,2,1699036.03,1868323.92
3,2011,3,1614630.99,1596237.47
3,2011,4,1884147.52,1732604.85
3,2011,5,1533308.53,1677362.35
3,2011,6,1575090.64,1664182.23
3,2011,7,1843561.95,1650653.71
3,2011,8,1536442.56,1651698.38
3,2011,9,1862692.56,1747565.69
3,2011,10,1556141.95,1651759.02
3,2011,11,1822971.63,1747268.71
3,2011,12,2413806.83,1930973.47
3,2012,1,1480953.54,1905910.67
3,2012,2,1792769.68,1895843.35
3,2012,3,2148086.5,1807269.91
3,2012,4,1753460.11,1898105.43
3,2012,5,1703712.98,1868419.86
3,2012,6,2163143.4,1873438.83
3,2012,7,1649972.35,1838942.91
3,2012,8,2028009.12,1947041.62
3,2012,9,1620024.0,1766001.82
3,2012,10,1684307.82,1777446.98
4,2010,2,8299040.36,8299040.36
4,2010,3,7525350.19,7912195.28
4,2010,4,9269170.71,8364520.42
4,2010,5,7637509.72,8144010.21
4,2010,6,7550298.11,8152326.18
4,2010,7,9237037.48,8141615.1
4,2010,8,7760274.34,8182536.64
4,2010,9,7512322.68,8169878.17
4,2010,10,9522604.02,8265067.01
4,2010,11,8900188.9,8645038.53
4,2010,12,12466674.3,10296489.07
4,2011,1,7428613.52,9598492.24
4,2011,2,8701523.58,9532270.47
4,2011,3,8203913.86,8111350.32
4,2011,4,10034555.89,8979997.78
4,2011,5,8068206.56,8768892.1
4,2011,6,8288884.07,8797215.51
4,2011,7,10193027.8,8850039.48
4,2011,8,8487108.44,8989673.44
4,2011,9,10208029.69,9629388.64
4,2011,10,8600688.22,9098608.78
4,2011,11,9732895.19,9513871.03
4,2011,12,13144846.51,10492809.97
4,2012,1,7923260.95,10267000.88
4,2012,2,9202336.89,10090148.12
4,2012,3,10804712.46,9310103.43
4,2012,4,8783910.07,9596986.47
4,2012,5,8685981.98,9424868.17
4,2012,6,10984471.62,9484787.89
4,2012,7,8548929.23,9406460.94
4,2012,8,10857845.15,10130415.33
4,2012,9,8390018.08,9265597.49
4,2012,10,8589722.81,9279195.35
5,2010,2,1202728.0,1202728.0
5,2010,3,1141138.68,1171933.34
5,2010,4,1553822.75,1299229.81
5,2010,5,1241824.97,1312262.13
5,2010,6,1243520.7,1346389.47
5,2010,7,1422175.5,1302507.06
5,2010,8,1165245.5,1276980.57
5,2010,9,1206021.31,1264480.77
5,2010,10,1417374.25,1262880.35
5,2010,11,1412885.08,1345426.88
5,2010,12,1829294.03,1553184.45
5,2011,1,1101385.7,1447854.94
5,2011,2,1292485.85,1407721.86
5,2011,3,1229041.93,1207637.83
5,2011,4,1565270.75,1362266.18
5,2011,5,1210598.71,1334970.46
5,2011,6,1241861.52,1339243.66
5,2011,7,1488829.34,1313763.19
5,2011,8,1221606.73,1317432.53
5,2011,9,1498625.82,1403020.63
5,2011,10,1208333.48,1309522.01
5,2011,11,1481403.37,1396120.89
5,2011,12,1931376.8,1540371.22
5,2012,1,1187031.43,1533270.53
5,2012,2,1351836.33,1490081.52
5,2012,3,1698513.07,1412460.28
5,2012,4,1409720.53,1486689.98
5,2012,5,1372987.35,1493740.32
5,2012,6,1683655.81,1488787.9
5,2012,7,1285450.55,1447364.57
5,2012,8,1610442.42,1526516.26
5,2012,9,1267898.02,1387930.33
5,2012,10,1301302.62,1393214.35
6,2010,2,6259010.24,6259010.24
6,2010,3,6325062.47,6292036.36
6,2010,4,7995878.23,6859983.65
6,2010,5,6320388.54,6880443.08
6,2010,6,6860962.56,7059076.44
6,2010,7,8127765.74,7103038.95
6,2010,8,6171593.19,7053440.5
6,2010,9,5519280.35,6606213.09
6,2010,10,6751407.94,6147427.16
6,2010,11,6787272.46,6352653.58
6,2010,12,9793698.97,7777459.79
6,2011,1,5204924.11,7261965.18
6,2011,2,5996637.31,6998420.13
6,2011,3,6120956.66,5774172.69
6,2011,4,7561276.62,6559623.53
6,2011,5,5864600.16,6515611.15
6,2011,6,6469666.17,6631847.65
6,2011,7,7941223.14,6758496.49
6,2011,8,6000529.4,6803806.24
6,2011,9,6960197.58,6967316.71
6,2011,10,5705627.68,6222118.22
6,2011,11,6833798.54,6499874.6
6,2011,12,9869325.58,7469583.93
6,2012,1,5381449.24,7361524.45
6,2012,2,6214713.5,7155162.77
6,2012,3,7871777.22,6489313.32
6,2012,4,6368819.98,6818436.9
6,2012,5,6177965.85,6806187.68
6,2012,6,8287124.09,6944636.64
6,2012,7,6552092.78,7005727.57
6,2012,8,7837240.48,7558819.12
6,2012,9,5777978.98,6722437.41
6,2012,10,5845884.88,6487034.78
7,2010,2,2023674.14,2023674.14
7,2010,3,2061053.48,2042363.81
7,2010,4,2230043.44,2104923.69
7,2010,5,1606057.64,1965718.19
7,2010,6,2042623.05,1959574.71
7,2010,7,2899977.83,2182886.17
7,2010,8,2378701.98,2440434.29
7,2010,9,2045951.73,2441543.85
7,2010,10,2330553.05,2251735.59
7,2010,11,2305814.35,2227439.71
7,2010,12,3643627.46,2759998.29
7,2011,1,2243460.47,2730967.43
7,2011,2,2237009.21,2708032.38
7,2011,3,2304418.49,2261629.39
7,2011,4,2314366.59,2285264.76
7,2011,5,1702994.37,2107259.82
7,2011,6,2414430.64,2143930.53
7,2011,7,3450312.94,2522579.32
7,2011,8,2641213.98,2835319.19
7,2011,9,2789496.99,2960341.3
7,2011,10,2113856.5,2514855.82
7,2011,11,2609454.03,2504269.17
7,2011,12,3841626.31,2854978.95
7,2012,1,2426033.95,2959038.1
7,2012,2,2367863.41,2878507.89
7,2012,3,2998749.85,2597549.07
7,2012,4,2064014.02,2476875.76
7,2012,5,1926764.37,2329842.75
7,2012,6,3300080.88,2430286.42
7,2012,7,2872504.59,2699783.28
7,2012,8,3194898.04,3122494.5
7,2012,9,2195384.76,2754262.46
7,2012,10,2021262.6,2470515.13
8,2010,2,3810490.97,3810490.97
8,2010,3,3354290.23,3582390.6
8,2010,4,4342564.85,3835782.02
8,2010,5,3476533.57,3724462.88
8,2010,6,3557902.94,3792333.79
8,2010,7,4119065.06,3717833.86
8,2010,8,3520812.2,3732593.4
8,2010,9,3340894.6,3660257.29
8,2010,10,4168178.21,3676628.34
8,2010,11,3986106.52,3831726.44
8,2010,12,5527635.69,4560640.14
8,2011,1,3287636.78,4267126.33
8,2011,2,3923167.96,4246146.81
8,2011,3,3561911.22,3590905.32
8,2011,4,4529354.77,4004811.32
8,2011,5,3531210.05,3874158.68
8,2011,6,3613461.22,3891342.01
8,2011,7,4232558.45,3792409.91
8,2011,8,3556799.19,3800939.62
8,2011,9,4226210.71,4005189.45
8,2011,10,3575861.61,3786290.5
8,2011,11,3997099.58,3933057.3
8,2011,12,5477514.62,4350158.6
8,2012,1,3281908.34,4252174.18
8,2012,2,3973781.54,4244401.5
8,2012,3,4613717.4,3956469.09
8,2012,4,3708542.75,4098680.56
8,2012,5,3666440.43,3996233.53
8,2012,6,4544647.77,3973210.32
8,2012,7,3553755.1,3921614.43
8,2012,8,4636946.99,4245116.62
8,2012,9,3558250.61,3916317.57
8,2012,10,3695929.2,3963708.93
9,2010,2,2087284.2,2087284.2
9,2010,3,1972134.85,2029709.52
9,2010,4,2540761.94,2200060.33
9,2010,5,2083339.88,2198745.56
9,2010,6,2131114.29,2251738.7
9,2010,7,2419603.89,2211352.69
9,2010,8,2010828.47,2187182.22
9,2010,9,1912238.07,2114223.48
9,2010,10,2430655.45,2117907.33
9,2010,11,2326610.48,2223168.0
9,2010,12,3214648.24,2657304.72
9,2011,1,1866651.64,2469303.45
9,2011,2,2223984.06,2435094.65
9,2011,3,2072514.19,2054383.3
9,2011,4,2692736.65,2329744.97
9,2011,5,2156478.04,2307242.96
9,2011,6,2234497.68,2361237.46
9,2011,7,2548781.12,2313252.28
9,2011,8,2158647.43,2313975.41
9,2011,9,2589013.04,2432147.2
9,2011,10,2188955.34,2312205.27
9,2011,11,2549596.96,2442521.78
9,2011,12,3404113.5,2714221.93
9,2012,1,1957131.52,2636947.33
9,2012,2,2382247.85,2581164.29
9,2012,3,2870604.49,2403327.95
9,2012,4,2349659.87,2534170.74
9,2012,5,2297551.31,2505938.56
9,2012,6,2837723.93,2494978.37
9,2012,7,2125270.57,2420181.94
9,2012,8,2757521.41,2573505.3
9,2012,9,2139357.58,2340716.52
9,2012,10,2256961.05,2384613.35
10,2010,2,8489284.81,8489284.81
10,2010,3,7768843.74,8129064.28
10,2010,4,9626179.2,8628102.58
10,2010,5,7481720.32,8292247.75
10,2010,6,7364736.54,8157545.35
10,2010,7,9108079.77,7984845.54
10,2010,8,7622988.77,8031935.03
10,2010,9,6858654.21,7863240.92
10,2010,10,8603478.26,7695040.41
10,2010,11,8617237.06,8026456.51
10,2010,12,12930999.53,10050571.62
10,2011,1,6818438.72,9455558.44
10,2011,2,8158385.48,9302607.91
10,2011,3,7592005.5,7522943.23
10,2011,4,9358698.61,8369696.53
10,2011,5,7018273.82,7989659.31
10,2011,6,7062021.88,7812998.1
10,2011,7,8746330.47,7608875.39
10,2011,8,7486946.36,7765099.57
10,2011,9,8393679.31,8208985.38
10,2011,10,7010702.15,7630442.61
10,2011,11,8800295.92,8068225.79
10,2011,12,12471116.52,9427371.53
10,2012,1,6702933.45,9324781.96
10,2012,2,8294124.31,9156058.09
10,2012,3,9491886.89,8162981.55
10,2012,4,7628225.77,8471412.32
10,2012,5,7239801.55,8119971.4
10,2012,6,8882341.85,7916789.72
10,2012,7,7259142.39,7793761.93
10,2012,8,9062944.12,8401476.12
10,2012,9,6715172.25,7679086.25
10,2012,10,6952044.36,7576720.24
11,2010,2,5942396.07,5942396.07
11,2010,3,5368337.08,5655366.58
11,2010,4,6763295.37,6024676.17
11,2010,5,5115045.05,5748892.5
11,2010,6,5334441.04,5737593.82
11,2010,7,6367935.07,5605807.05
11,2010,8,5495429.46,5732601.86
11,2010,9,4921122.29,5594828.94
11,2010,10,6015834.31,5477462.02
11,2010,11,5664023.81,5533660.14
11,2010,12,8267278.68,6649045.6
11,2011,1,4661550.1,6197617.53
11,2011,2,5720529.46,6216452.75
11,2011,3,5335605.23,5239228.26
11,2011,4,6644689.4,5900274.7
11,2011,5,5065756.32,5682016.98
11,2011,6,5250358.33,5653601.35
11,2011,7,6402161.86,5572758.84
11,2011,8,5546263.86,5732928.02
11,2011,9,6244339.35,6064255.02
11,2011,10,5268451.65,5686351.62
11,2011,11,5988386.18,5833725.73
11,2011,12,8395491.15,6550776.33
11,2012,1,4918601.28,6434159.54
11,2012,2,5900100.91,6404731.11
11,2012,3,6894348.12,5904350.1
11,2012,4,5620672.3,6138373.78
11,2012,5,5320176.47,5945065.63
11,2012,6,6846523.18,5929123.98
11,2012,7,5398248.28,5854982.64
11,2012,8,6992010.0,6412260.49
11,2012,9,5125823.16,5838693.81
11,2012,10,5167561.98,5761798.38
12,2010,2,4361948.52,4361948.52
12,2010,3,4016316.65,4189132.58
12,2010,4,4959112.35,4445792.51
12,2010,5,3923120.96,4299516.65
12,2010,6,3979615.96,4287283.09
12,2010,7,4637818.27,4180185.06
12,2010,8,3848805.15,4155413.13
12,2010,9,3683679.53,4056767.65
12,2010,10,4444869.94,3992451.54
12,2010,11,4368037.06,4165528.84
12,2010,12,6147059.47,4986655.49
12,2011,1,3397346.6,4637481.04
12,2011,2,4307178.56,4617194.88
12,2011,3,4046530.16,3917018.44
12,2011,4,5005762.88,4453157.2
12,2011,5,3886655.48,4312982.84
12,2011,6,3951054.31,4281157.56
12,2011,7,4654491.69,4164067.16
12,2011,8,3929036.91,4178194.3
12,2011,9,4602286.44,4395271.68
12,2011,10,3808375.63,4113232.99
12,2011,11,4709598.08,4373420.05
12,2011,12,6283683.83,4933885.85
12,2012,1,3555417.84,4849566.58
12,2012,2,4610182.37,4816428.01
12,2012,3,5420146.14,4528582.12
12,2012,4,4223316.24,4751214.92
12,2012,5,4127429.17,4590297.18
12,2012,6,5011643.17,4454129.53
12,2012,7,3833729.79,4324267.38
12,2012,8,5058405.13,4634592.7
12,2012,9,3644189.45,4178774.79
12,2012,10,3850386.42,4184327.0
13,2010,2,7786278.95,7786278.95
13,2010,3,7542558.24,7664418.6
13,2010,4,9555618.05,8294818.41
13,2010,5,7626768.36,8241648.22
13,2010,6,8034361.74,8405582.72
13,2010,7,9546628.09,8402586.06
13,2010,8,7752389.9,8444459.91
13,2010,9,7179931.35,8159649.78
13,2010,10,9173784.27,8035368.51
13,2010,11,8486726.25,8280147.29
13,2010,12,12587690.25,10082733.59
13,2011,1,6830701.19,9301705.9
13,2011,2,7628040.02,9015477.15
13,2011,3,7407382.47,7288707.89
13,2011,4,9722597.18,8252673.22
13,2011,5,7672497.44,8267492.36
13,2011,6,8029007.42,8474700.68
13,2011,7,9894423.48,8531976.11
13,2011,8,8172158.7,8698529.87
13,2011,9,9432867.6,9166483.26
13,2011,10,7919169.71,8508065.34
13,2011,11,9028403.75,8793480.35
13,2011,12,12800264.37,9915945.94
13,2012,1,7206304.72,9678324.28
13,2012,2,8141310.4,9382626.5
13,2012,3,9835175.47,8394263.53
13,2012,4,8255063.39,8743849.75
13,2012,5,8252008.64,8780749.17
13,2012,6,10502135.11,9003069.05
13,2012,7,8155251.19,8969798.31
13,2012,8,10314251.0,9657212.43
13,2012,9,7951757.11,8807086.43
13,2012,10,8094197.99,8786735.37
14,2010,2,8627837.12,8627837.12
14,2010,3,8510195.38,8569016.25
14,2010,4,11096700.43,9411577.64
14,2010,5,8835226.91,9480707.57
14,2010,6,9107997.01,9679974.78
14,2010,7,10800283.49,9581169.14
14,2010,8,8350268.69,9419516.4
14,2010,9,8207762.4,9119438.19
14,2010,10,9800918.92,8786316.67
14,2010,11,9060778.82,9023153.38
14,2010,12,13064273.21,10641990.32
14,2011,1,6920749.25,9681933.76
14,2011,2,7871037.45,9285353.3
14,2011,3,7784262.93,7525349.88
14,2011,4,10068949.32,8574749.9
14,2011,5,8140592.27,8664601.51
14,2011,6,8363952.33,8857831.31
14,2011,7,9844705.9,8783083.5
14,2011,8,8165139.12,8791265.78
14,2011,9,9499817.19,9169887.4
14,2011,10,8035518.22,8566824.84
14,2011,11,8910303.89,8815213.1
14,2011,12,12491242.83,9812354.98
14,2012,1,6939868.82,9447138.51
14,2012,2,7850257.75,9093789.8
14,2012,3,9686365.52,8158830.7
14,2012,4,7948648.34,8495090.54
14,2012,5,7899988.12,8511667.33
14,2012,6,9306898.95,8385178.47
14,2012,7,6439316.12,7882067.73
14,2012,8,8201073.31,7982429.46
14,2012,9,6547171.22,7062520.22
14,2012,10,6621810.11,7123351.55
15,2010,2,2560291.49,2560291.49
15,2010,3,2395321.18,2477806.33
15,2010,4,3208173.84,2721262.17
15,2010,5,2617105.06,2740200.03
15,2010,6,2637053.35,2820777.42
15,2010,7,3251815.91,2835324.77
15,2010,8,2548969.91,2812613.06
15,2010,9,2412365.75,2737717.19
15,2010,10,2934258.23,2631864.63
15,2010,11,2960847.11,2769157.03
15,2010,12,4497326.48,3464143.94
15,2011,1,1957495.6,3138556.4
15,2011,2,2336972.79,2930598.29
15,2011,3,2189353.04,2161273.81
15,2011,4,2953700.89,2493342.24
15,2011,5,2491140.72,2544731.55
15,2011,6,2634599.8,2693147.14
15,2011,7,3118888.66,2748209.73
15,2011,8,2403699.73,2719062.73
15,2011,9,2868673.7,2797087.36
15,2011,10,2309531.4,2527301.61
15,2011,11,2898406.21,2692203.77
15,2011,12,4120162.36,3109366.66
15,2012,1,1929038.55,2982535.71
15,2012,2,2311689.75,2786963.55
15,2012,3,2780053.67,2340260.66
15,2012,4,2280718.68,2457487.37
15,2012,5,2451239.73,2504004.03
15,2012,6,3223284.66,2651747.69
15,2012,7,2432920.3,2702481.56
15,2012,8,2977327.54,2877844.17
15,2012,9,2201833.19,2537360.34
15,2012,10,2239424.64,2472861.79
16,2010,2,1862564.45,1862564.45
16,2010,3,1877060.14,1869812.29
16,2010,4,2104681.96,1948102.18
16,2010,5,1719718.63,1900486.91
16,2010,6,2138587.93,1987662.84
16,2010,7,2962456.29,2273587.62
16,2010,8,2233221.9,2444755.37
16,2010,9,2112986.3,2436221.5
16,2010,10,2395280.45,2247162.88
16,2010,11,2011010.23,2173092.33
16,2010,12,3311064.31,2572451.66
16,2011,1,1955191.67,2425755.4
16,2011,2,1912451.47,2392902.48
16,2011,3,1904986.59,1924209.91
16,2011,4,2073588.16,1963675.41
16,2011,5,1714328.04,1897634.26
16,2011,6,2282683.63,2023533.28
16,2011,7,2994354.16,2330455.28
16,2011,8,2268808.23,2515282.01
16,2011,9,2649441.26,2637534.55
16,2011,10,2047190.36,2321813.28
16,2011,11,2217017.3,2304549.64
16,2011,12,3401326.62,2555178.09
16,2012,1,2001427.1,2539923.67
16,2012,2,1939461.86,2447405.19
16,2012,3,2459590.76,2133493.24
16,2012,4,1788085.19,2062379.27
16,2012,5,1918366.18,2055347.38
16,2012,6,2857884.61,2188111.99
16,2012,7,2315404.0,2363884.93
16,2012,8,2762923.61,2645404.07
16,2012,9,2043214.03,2373847.21
16,2012,10,2016067.98,2274068.54
17,2010,2,3181251.48,3181251.48
17,2010,3,3092394.03,3136822.75
17,2010,4,4162077.51,3478574.34
17,2010,5,3357048.86,3537173.47
17,2010,6,3494146.79,3671091.05
17,2010,7,4399404.76,3750200.14
17,2010,8,3141809.94,3678453.83
17,2010,9,3759402.55,3766872.42
17,2010,10,4172277.66,3691163.38
17,2010,11,3461595.78,3797758.66
17,2010,12,4883511.08,4172461.51
17,2011,1,3333721.56,3892942.81
17,2011,2,3258033.95,3825088.86
17,2011,3,3155445.26,3249066.92
17,2011,4,4300747.64,3571408.95
17,2011,5,3489257.76,3648483.55
17,2011,6,3591617.59,3793874.33
17,2011,7,4519285.43,3866720.26
17,2011,8,3301918.54,3804273.85
17,2011,9,4824123.56,4215109.18
17,2011,10,3615938.18,3913993.43
17,2011,11,3945841.42,4128634.39
17,2011,12,5055908.87,4205896.16
17,2012,1,3650476.16,4217408.82
17,2012,2,3515967.63,4074117.55
17,2012,3,4293771.22,3820071.67
17,2012,4,3909874.57,3906537.81
17,2012,5,3827919.36,4010521.72
17,2012,6,4854607.0,4197466.98
17,2012,7,3859720.5,4180748.95
17,2012,8,4362039.52,4358789.01
17,2012,9,4237693.03,4153151.02
17,2012,10,3773309.64,4124347.4
18,2010,2,4612009.07,4612009.07
18,2010,3,4498750.38,4555379.72
18,2010,4,5757012.72,4955924.06
18,2010,5,4672776.11,4976179.74
18,2010,6,4849042.67,5092943.83
18,2010,7,5656300.22,5059373.0
18,2010,8,4607004.06,5037448.98
18,2010,9,4147422.02,4803575.43
18,2010,10,5176725.28,4643717.12
18,2010,11,4870334.79,4731494.03
18,2010,12,7131039.98,5726033.35
18,2011,1,3451824.98,5151066.58
18,2011,2,4278936.7,4953933.89
18,2011,3,3956437.76,3895733.15
18,2011,4,5024756.64,4420043.7
18,2011,5,4118424.92,4366539.77
18,2011,6,4324456.24,4489212.6
18,2011,7,5056181.11,4499687.42
18,2011,8,4011863.47,4464166.94
18,2011,9,4038609.17,4368884.58
18,2011,10,4128130.3,4059534.31
18,2011,11,4861719.86,4342819.78
18,2011,12,6966398.96,5318749.71
18,2012,1,3630523.31,5152880.71
18,2012,2,4365234.47,4987385.58
18,2012,3,5194352.31,4396703.36
18,2012,4,4186258.83,4581948.54
18,2012,5,4246352.16,4542321.1
18,2012,6,5463583.66,4632064.88
18,2012,7,4141082.05,4617005.96
18,2012,8,5330443.03,4978369.58
18,2012,9,4018240.19,4496588.42
18,2012,10,4342506.79,4563730.0
19,2010,2,5933433.29,5933433.29
19,2010,3,5723697.57,5828565.43
19,2010,4,7454797.16,6370642.67
19,2010,5,6030138.01,6402877.58
19,2010,6,5837419.14,6440784.77
19,2010,7,7277156.61,6381571.25
19,2010,8,5887359.32,6333978.36
19,2010,9,5920105.92,6361540.62
19,2010,10,6939465.84,6248977.03
19,2010,11,6296576.04,6385382.6
19,2010,12,9280379.74,7505473.87
19,2011,1,4902533.85,6826496.54
19,2011,2,5555341.85,6579418.48
19,2011,3,5309557.18,5255810.96
19,2011,4,6929481.69,5931460.24
19,2011,5,5624884.42,5954641.1
19,2011,6,5784578.7,6112981.6
19,2011,7,6995697.34,6135053.49
19,2011,8,5709459.93,6163245.32
19,2011,9,7173430.32,6626195.86
19,2011,10,5552099.86,6144996.7
19,2011,11,6368850.92,6364793.7
19,2011,12,8935984.12,6952311.63
19,2012,1,4965497.09,6756777.38
19,2012,2,5621998.68,6507826.63
19,2012,3,6650036.51,5745844.09
19,2012,4,5537820.64,5936618.61
19,2012,5,5700358.04,5962738.4
19,2012,6,7129121.56,6122433.41
19,2012,7,5445450.14,6091643.25
19,2012,8,7213506.17,6596025.96
19,2012,9,5544598.54,6067851.62
19,2012,10,5404045.91,6054050.21
20,2010,2,8570247.08,8570247.08
20,2010,3,7976779.94,8273513.51
20,2010,4,10196891.7,8914639.57
20,2010,5,8130135.85,8767935.83
20,2010,6,8369148.64,8898725.4
20,2010,7,10139247.27,8879510.59
20,2010,8,7902943.96,8803779.96
20,2010,9,7874563.63,8638918.29
20,2010,10,9730556.14,8502687.91
20,2010,11,9288774.87,8964631.55
20,2010,12,13553791.64,10857707.55
20,2011,1,7270688.3,10037751.6
20,2011,2,8759755.97,9861411.97
20,2011,3,7890737.23,7973727.17
20,2011,4,10208105.81,8952866.34
20,2011,5,8025436.2,8708093.08
20,2011,6,8333326.32,8855622.78
20,2011,7,10026174.71,8794979.08
20,2011,8,8165195.16,8841565.4
20,2011,9,10005245.96,9398871.94
20,2011,10,8315753.89,8828731.67
20,2011,11,9630249.52,9317083.12
20,2011,12,13206333.29,10384112.23
20,2012,1,7530005.03,10122195.95
20,2012,2,9021364.19,9919234.17
20,2012,3,10420238.57,8990535.93
20,2012,4,8381587.75,9274396.84
20,2012,5,8485819.26,9095881.86
20,2012,6,10656790.31,9174732.44
20,2012,7,8374464.81,9172358.13
20,2012,8,10351645.31,9794300.14
20,2012,9,8165416.86,8963842.33
20,2012,10,8440377.29,8985813.15
21,2010,2,3224795.81,3224795.81
21,2010,3,2873324.74,3049060.28
21,2010,4,3620185.31,3239435.29
21,2010,5,2977105.28,3156871.78
21,2010,6,3145271.07,3247520.55
21,2010,7,3662946.43,3261774.26
21,2010,8,3237624.22,3348613.91
21,2010,9,2757857.53,3219476.06
21,2010,10,3493575.03,3163018.93
21,2010,11,3457602.64,3236345.07
21,2010,12,5180820.21,4043999.29
21,2011,1,2593761.21,3744061.35
21,2011,2,3021142.52,3598574.65
21,2011,3,3107037.94,2907313.89
21,2011,4,3829782.07,3319320.84
21,2011,5,2962361.4,3299727.14
21,2011,6,3162795.88,3318313.12
21,2011,7,3782707.46,3302621.58
21,2011,8,3237222.29,3394241.88
21,2011,9,3346957.06,3455628.94
21,2011,10,2802679.96,3128953.1
21,2011,11,3481005.73,3210214.25
21,2011,12,4907430.42,3730372.04
21,2012,1,2533800.02,3640745.39
21,2012,2,3033140.81,3491457.08
21,2012,3,3741366.85,3102769.23
21,2012,4,2940964.11,3238490.59
21,2012,5,2771036.26,3151122.41
21,2012,6,3582595.98,3098198.78
21,2012,7,2730135.42,3027922.55
21,2012,8,3711892.87,3341541.42
21,2012,9,2585571.03,3009199.77
21,2012,10,2621383.36,2972949.09
22,2010,2,3943817.71,3943817.71
22,2010,3,3954608.82,3949213.26
22,2010,4,5158758.26,4352394.93
22,2010,5,4110276.9,4407881.33
22,2010,6,4304651.18,4524562.11
22,2010,7,5146203.8,4520377.29
22,2010,8,4101889.97,4517581.65
22,2010,9,3819775.5,4355956.42
22,2010,10,4862205.04,4261290.17
22,2010,11,4600985.5,4427655.35
22,2010,12,6862107.73,5441766.09
22,2011,1,3335860.39,4932984.54
22,2011,2,3842477.6,4680148.57
22,2011,3,3801895.89,3660077.96
22,2011,4,5008107.8,4217493.76
22,2011,5,4025510.97,4278504.89
22,2011,6,4241077.22,4424898.66
22,2011,7,4966138.39,4410908.86
22,2011,8,4129832.38,4445682.66
22,2011,9,4707766.86,4601245.88
22,2011,10,4018692.89,4285430.71
22,2011,11,4701752.81,4476070.85
22,2011,12,6775598.73,5165348.14
22,2012,1,3434282.44,4970544.66
22,2012,2,3910644.18,4706841.78
22,2012,3,4891318.0,4078748.21
22,2012,4,4059490.71,4287150.96
22,2012,5,4036861.34,4329223.35
22,2012,6,5391542.01,4495964.69
22,2012,7,3986848.1,4471750.48
22,2012,8,5045521.49,4807970.53
22,2012,9,3812770.12,4281713.24
22,2012,10,4086377.84,4314889.82
23,2010,2,5263911.35,5263911.35
23,2010,3,5258969.01,5261440.18
23,2010,4,6684323.64,5735734.67
23,2010,5,5567190.21,5836827.62
23,2010,6,5876781.38,6042765.08
23,2010,7,7033181.07,6159050.89
23,2010,8,5787883.45,6232615.3
23,2010,9,4936150.31,5919071.61
23,2010,10,5689945.98,5471326.58
23,2010,11,5978753.08,5534949.79
23,2010,12,9632015.83,7100238.3
23,2011,1,4333154.25,6647974.39
23,2011,2,4986113.7,6317094.59
23,2011,3,4695536.28,4671601.41
23,2011,4,6315886.08,5332512.02
23,2011,5,5314398.73,5441940.36
23,2011,6,5913747.04,5848010.62
23,2011,7,6914427.6,6047524.46
23,2011,8,5887979.55,6238718.06
23,2011,9,6705595.42,6502667.52
23,2011,10,5569504.88,6054359.95
23,2011,11,6268068.6,6181056.3
23,2011,12,9369121.66,7068898.38
23,2012,1,4366582.41,6667924.22
23,2012,2,5258811.7,6331505.26
23,2012,3,6424060.47,5349818.19
23,2012,4,5402016.4,5694962.86
23,2012,5,5525181.13,5783752.67
23,2012,6,7561685.29,6162960.94
23,2012,7,5634563.38,6240476.6
23,2012,8,7643059.26,6946435.98
23,2012,9,5363866.51,6213829.72
23,2012,10,5588152.2,6198359.32
24,2010,2,5346917.96,5346917.96
24,2010,3,5202550.38,5274734.17
24,2010,4,6650161.81,5733210.05
24,2010,5,5513839.38,5788850.52
24,2010,6,5695369.05,5953123.41
24,2010,7,7368845.52,6192684.65
24,2010,8,5552429.92,6205548.16
24,2010,9,5283588.92,6068288.12
24,2010,10,6357826.15,5731281.66
24,2010,11,5654662.13,5765359.07
24,2010,12,8264457.02,6758981.77
24,2011,1,4580473.64,6166530.93
24,2011,2,5161694.11,6002208.26
24,2011,3,4927303.61,4889823.79
24,2011,4,6253296.34,5447431.35
24,2011,5,5197015.93,5459205.29
24,2011,6,5553889.43,5668067.23
24,2011,7,7038520.93,5929808.76
24,2011,8,5574846.79,6055752.38
24,2011,9,6429715.7,6347694.47
24,2011,10,5329935.6,5778166.03
24,2011,11,5869710.33,5876453.88
24,2011,12,8022574.46,6407406.8
24,2012,1,4616460.35,6169581.71
24,2012,2,5282761.07,5973931.96
24,2012,3,6230959.28,5376726.9
24,2012,4,5213507.21,5575742.52
24,2012,5,5368650.87,5604372.45
24,2012,6,7102060.83,5894739.64
24,2012,7,5752211.67,6074307.79
24,2012,8,6983684.94,6612652.48
24,2012,9,5240481.11,5992125.91
24,2012,10,5395618.84,5873261.63
25,2010,2,2565372.89,2565372.89
25,2010,3,2682853.49,2624113.19
25,2010,4,3651901.68,2966709.35
25,2010,5,2919098.68,3084617.95
25,2010,6,3019332.72,3196777.69
25,2010,7,3553412.11,3163947.84
25,2010,8,2821498.58,3131414.47
25,2010,9,2578321.24,2984410.64
25,2010,10,3285120.94,2894980.25
25,2010,11,3242861.95,3035434.71
25,2010,12,4816493.46,3781492.12
25,2011,1,2299697.72,3453017.71
25,2011,2,2460950.6,3192380.59
25,2011,3,2460458.45,2407035.59
25,2011,4,3347379.79,2756262.95
25,2011,5,2740574.97,2849471.07
25,2011,6,2894454.9,2994136.55
25,2011,7,3424492.51,3019840.79
25,2011,8,2762217.79,3027055.07
25,2011,9,3261794.11,3149501.47
25,2011,10,2733557.81,2919189.9
25,2011,11,3282365.67,3092572.53
25,2011,12,4766461.4,3594128.29
25,2012,1,2435482.61,3494769.89
25,2012,2,2569349.85,3257097.95
25,2012,3,3282252.39,2762361.62
25,2012,4,2766772.26,2872791.5
25,2012,5,2936866.09,2995296.91
25,2012,6,3619373.74,3107670.7
25,2012,7,2812265.61,3122835.15
25,2012,8,3620045.66,3350561.67
25,2012,9,2676770.57,3036360.61
25,2012,10,2771326.93,3022714.39
26,2010,2,3904536.86,3904536.86
26,2010,3,3766031.22,3835284.04
26,2010,4,4744126.11,4138231.4
26,2010,5,4103759.92,4204639.08
26,2010,6,4054594.01,4300826.68
26,2010,7,5205903.63,4454752.52
26,2010,8,4121975.94,4460824.53
26,2010,9,3871886.01,4399921.86
26,2010,10,4673840.47,4222567.47
26,2010,11,4130223.84,4225316.77
26,2010,12,5813819.77,4872628.03
26,2011,1,3377790.85,4440611.49
26,2011,2,3814794.56,4335468.39
26,2011,3,3646250.38,3612945.26
26,2011,4,4492878.44,3984641.13
26,2011,5,3900845.28,4013324.7
26,2011,6,4127634.47,4173786.06
26,2011,7,5248689.12,4425722.96
26,2011,8,4281581.3,4552634.96
26,2011,9,4944408.06,4824892.83
26,2011,10,4065073.33,4430354.23
26,2011,11,4295002.72,4434828.04
26,2011,12,5854303.21,4738126.42
26,2012,1,3466674.66,4538660.2
26,2012,2,3903877.12,4408285.0
26,2012,3,4700523.26,4023691.68
26,2012,4,3842068.54,4148822.97
26,2012,5,4054515.6,4199035.8
26,2012,6,5258751.43,4385111.86
26,2012,7,4324991.62,4546086.22
26,2012,8,5356883.87,4980208.97
26,2012,9,3993816.42,4558563.97
26,2012,10,4074341.77,4475014.02
27,2010,2,6955657.11,6955657.11
27,2010,3,6776185.65,6865921.38
27,2010,4,9523358.57,7751733.78
27,2010,5,7580988.87,7960177.7
27,2010,6,7796722.8,8300356.75
27,2010,7,9649148.99,8342286.89
27,2010,8,7580035.47,8341969.09
27,2010,9,7048586.88,8092590.45
27,2010,10,8362474.68,7663699.01
27,2010,11,7846716.76,7752592.77
27,2010,12,10893300.79,9034164.08
27,2011,1,6038609.55,8259542.37
27,2011,2,6662626.46,7864845.6
27,2011,3,6448580.73,6383272.25
27,2011,4,8609618.19,7240275.13
27,2011,5,7066579.01,7374925.98
27,2011,6,7497817.96,7724671.72
27,2011,7,9211953.5,7925450.16
27,2011,8,7322033.51,8010601.66
27,2011,9,8242797.21,8258928.07
27,2011,10,6754955.62,7439928.78
27,2011,11,7649977.52,7549243.45
27,2011,12,10417134.93,8274022.69
27,2012,1,5833352.44,7966821.63
27,2012,2,6470675.32,7573720.9
27,2012,3,7988984.05,6764337.27
27,2012,4,6754916.86,7071525.41
27,2012,5,6869760.31,7204553.74
27,2012,6,9119335.58,7581337.58
27,2012,7,7174911.82,7721335.9
27,2012,8,8674066.48,8322771.29
27,2012,9,6458733.11,7435903.8
27,2012,10,6575320.15,7236039.91
28,2010,2,6264794.53,6264794.53
28,2010,3,5460400.76,5862597.64
28,2010,4,6523307.5,6082834.26
28,2010,5,5173303.91,5719004.06
28,2010,6,5391317.32,5695976.24
28,2010,7,6321680.12,5628767.12
28,2010,8,5129272.99,5614090.14
28,2010,9,5041082.44,5497345.18
28,2010,10,6048023.07,5406126.17
28,2010,11,5884472.93,5657859.48
28,2010,12,7541109.36,6491201.79
28,2011,1,4708717.88,6044766.72
28,2011,2,5788824.43,6012883.89
28,2011,3,5592046.69,5363196.33
28,2011,4,6511497.88,5964123.0
28,2011,5,5080532.97,5728025.85
28,2011,6,5221064.91,5604365.25
28,2011,7,6256484.38,5519360.75
28,2011,8,5109135.08,5528894.79
28,2011,9,6168008.27,5844542.58
28,2011,10,5224217.63,5500453.66
28,2011,11,6164129.11,5852118.34
28,2011,12,7331349.35,6239898.7
28,2012,1,4889725.32,6128401.26
28,2012,2,5929557.18,6050210.62
28,2012,3,6895963.64,5905082.05
28,2012,4,5201531.1,6009017.31
28,2012,5,5079728.89,5725741.21
28,2012,6,6225633.14,5502297.71
28,2012,7,4965241.15,5423534.39
28,2012,8,6256260.26,5815711.52
28,2012,9,4859203.56,5360234.99
28,2012,10,5026062.83,5380508.88
29,2010,2,2099124.09,2099124.09
29,2010,3,2103967.34,2101545.71
29,2010,4,2685010.45,2296033.96
29,2010,5,2167087.71,2318688.5
29,2010,6,2273014.77,2375037.64
29,2010,7,2673589.85,2371230.78
29,2010,8,2092463.25,2346355.96
29,2010,9,1999654.05,2255235.72
29,2010,10,2520048.52,2204055.27
29,2010,11,2528897.13,2349533.23
29,2010,12,3803970.33,2950971.99
29,2011,1,1738418.56,2690428.67
29,2011,2,2080704.03,2541030.97
29,2011,3,2001888.6,1940337.06
29,2011,4,2581496.89,2221363.17
29,2011,5,2127591.7,2236992.4
29,2011,6,2238965.35,2316017.98
29,2011,7,2601935.63,2322830.89
29,2011,8,2081148.85,2307349.94
29,2011,9,2398834.61,2360639.7
29,2011,10,2010957.31,2163646.92
29,2011,11,2570102.82,2326631.58
29,2011,12,3518300.85,2699786.99
29,2012,1,1757380.77,2615261.48
29,2012,2,2087388.94,2454356.85
29,2012,3,2516820.55,2120530.09
29,2012,4,2176771.19,2260326.89
29,2012,5,2128043.42,2273878.39
29,2012,6,2820492.89,2375102.5
29,2012,7,2075405.77,2341314.03
29,2012,8,2601135.88,2499011.51
29,2012,9,1994692.49,2223744.71
29,2012,10,2086249.72,2227359.36
30,2010,2,1898327.06,1898327.06
30,2010,3,1828974.71,1863650.89
30,2010,4,2302333.91,2009878.56
30,2010,5,1837978.03,1989762.22
30,2010,6,1804811.62,1981707.85
30,2010,7,2203084.67,1948624.77
30,2010,8,1776517.71,1928138.0
30,2010,9,1827162.26,1935588.21
30,2010,10,2259465.79,1954381.92
30,2010,11,1802368.56,1962998.87
30,2010,12,2198062.31,2086632.22
30,2011,1,1781607.59,1927346.15
30,2011,2,1811650.67,1930440.19
30,2011,3,1739089.37,1777449.21
30,2011,4,2177529.14,1909423.06
30,2011,5,1727812.13,1881476.88
30,2011,6,1715702.3,1873681.19
30,2011,7,2106750.1,1850088.18
30,2011,8,1646418.75,1822957.05
30,2011,9,1902373.49,1885180.78
30,2011,10,1683350.66,1744047.63
30,2011,11,1730672.23,1772132.13
30,2011,12,2159191.98,1857738.29
30,2012,1,1775853.05,1888572.42
30,2012,2,1745771.55,1893605.53
30,2012,3,2178702.83,1900109.14
30,2012,4,1786950.86,1903808.41
30,2012,5,1800849.04,1922167.58
30,2012,6,2154514.39,1914104.76
30,2012,7,1710265.97,1888543.13
30,2012,8,2143795.13,2002858.5
30,2012,9,1740640.76,1864900.62
30,2012,10,1758306.5,1880914.13
31,2010,2,5830940.44,5830940.44
31,2010,3,5312960.57,5571950.51
31,2010,4,6644425.09,5929442.03
31,2010,5,5315928.16,5757771.27
31,2010,6,5476330.64,5812227.96
31,2010,7,6470282.02,5754180.27
31,2010,8,5383313.61,5776642.09
31,2010,9,5134581.76,5662725.8
31,2010,10,6300176.32,5606023.9
31,2010,11,5895251.11,5776669.73
31,2010,12,7796083.04,6663836.82
31,2011,1,5261839.99,6317724.71
31,2011,2,5887178.91,6315033.98
31,2011,3,5600889.23,5583302.71
31,2011,4,6962676.85,6150248.33
31,2011,5,5526512.66,6030026.25
31,2011,6,5722649.07,6070612.86
31,2011,7,6920574.6,6056578.78
31,2011,8,5777114.42,6140112.7
31,2011,9,6759042.64,6485577.22
31,2011,10,5561896.54,6032684.53
31,2011,11,6250463.54,6190467.57
31,2011,12,7938387.07,6583582.38
31,2012,1,5411164.02,6533338.21
31,2012,2,5882525.38,6410692.16
31,2012,3,7033323.4,6109004.27
31,2012,4,5622401.56,6179416.78
31,2012,5,5622763.42,6092829.46
31,2012,6,7022073.52,6089079.5
31,2012,7,5528488.32,6057775.09
31,2012,8,6940263.62,6496941.82
31,2012,9,5337962.51,5935571.48
31,2012,10,5483441.47,5920555.87
32,2010,2,4346988.47,4346988.47
32,2010,3,4295689.47,4321338.97
32,2010,4,5449652.86,4697443.6
32,2010,5,4562454.3,4769265.54
32,2010,6,4616264.51,4876123.89
32,2010,7,5560339.22,4913019.34
32,2010,8,4632916.66,4936506.8
32,2010,9,4235962.36,4809739.41
32,2010,10,5460589.39,4776489.47
32,2010,11,4989441.07,4895330.94
32,2010,12,7040638.37,5830222.94
32,2011,1,4159786.44,5396621.96
32,2011,2,4433098.25,5211174.35
32,2011,3,4377790.55,4323558.41
32,2011,4,5592702.21,4801197.0
32,2011,5,4640488.56,4870327.11
32,2011,6,4763399.24,4998863.34
32,2011,7,5810007.17,5071298.32
32,2011,8,4813548.96,5128985.12
32,2011,9,5627938.32,5417164.82
32,2011,10,4661518.98,5034335.42
32,2011,11,5253481.49,5180979.6
32,2011,12,7213433.31,5709477.93
32,2012,1,4303412.25,5590109.02
32,2012,2,4621884.48,5379576.68
32,2012,3,5671291.37,4865529.37
32,2012,4,4690779.83,4994651.89
32,2012,5,4784759.53,5048943.58
32,2012,6,6013731.69,5163090.35
32,2012,7,4668099.48,5155530.23
32,2012,8,6129135.3,5603655.49
32,2012,9,4599294.17,5132176.32
32,2012,10,4798727.9,5175719.12
33,2010,2,1150379.86,1150379.86
33,2010,3,1148775.38,1149577.62
33,2010,4,1446761.46,1248638.9
33,2010,5,1231554.17,1275697.0
33,2010,6,1127719.78,1268678.47
33,2010,7,1345638.87,1234970.94
33,2010,8,982708.14,1152022.26
33,2010,9,988494.72,1105613.91
33,2010,10,1190225.74,1053809.53
33,2010,11,983612.88,1054111.11
33,2010,12,1170963.26,1114933.96
33,2011,1,979488.91,1044688.35
33,2011,2,1005667.58,1052039.92
33,2011,3,1001675.79,995610.76
33,2011,4,1277608.54,1094983.97
33,2011,5,1015136.17,1098140.17
33,2011,6,978510.61,1090418.44
33,2011,7,1218145.55,1070597.44
33,2011,8,997045.43,1064567.2
33,2011,9,1247973.31,1154388.1
33,2011,10,999509.5,1081509.41
33,2011,11,1015409.13,1087630.65
33,2011,12,1221666.15,1078861.59
33,2012,1,1028324.99,1088466.76
33,2012,2,1047471.58,1099154.24
33,2012,3,1311764.19,1129186.92
33,2012,4,1100246.59,1153160.79
33,2012,5,1105091.04,1172367.27
33,2012,6,1343662.76,1183000.13
33,2012,7,1063064.22,1170606.01
33,2012,8,1311186.74,1239304.57
33,2012,9,1059369.4,1144540.12
33,2012,10,1065369.52,1145308.55
34,2010,2,3840559.15,3840559.15
34,2010,3,3612356.84,3726458.0
34,2010,4,4623620.27,4025512.09
34,2010,5,3743904.62,3993293.91
34,2010,6,3758281.18,4041935.36
34,2010,7,4538737.74,4013641.18
34,2010,8,3779218.33,4025412.42
34,2010,9,3649582.24,3989179.44
34,2010,10,4548711.02,3992503.86
34,2010,11,4217266.1,4138519.79
34,2010,12,5838179.3,4868052.14
34,2011,1,3527000.41,4527481.94
34,2011,2,4003548.22,4456242.64
34,2011,3,3844979.66,3791842.76
34,2011,4,4749033.97,4199187.28
34,2011,5,3818416.93,4137476.85
34,2011,6,3783195.14,4116882.01
34,2011,7,4506622.27,4036078.11
34,2011,8,3730310.77,4006709.39
34,2011,9,4558911.97,4265281.67
34,2011,10,3777615.34,4022279.36
34,2011,11,4277340.21,4204622.51
34,2011,12,5783207.17,4612720.91
34,2012,1,3650949.39,4570498.92
34,2012,2,4060625.98,4498260.85
34,2012,3,4849960.66,4187178.68
34,2012,4,3996302.67,4302296.44
34,2012,5,3955140.38,4267134.57
34,2012,6,4902174.97,4284539.34
34,2012,7,3831358.81,4229558.05
34,2012,8,4851332.78,4528288.85
34,2012,9,3803304.35,4161998.65
34,2012,10,3838014.16,4164217.1
35,2010,2,4690739.19,4690739.19
35,2010,3,4509391.19,4600065.19
35,2010,4,5679817.12,4959982.5
35,2010,5,4588337.11,4925848.47
35,2010,6,4871062.92,5046405.72
35,2010,7,5899896.92,5119765.65
35,2010,8,4222183.45,4997714.43
35,2010,9,3499860.16,4540646.84
35,2010,10,4129560.67,3950534.76
35,2010,11,4343387.14,3990935.99
35,2010,12,5761735.06,4744894.29
35,2011,1,2630152.38,4245091.53
35,2011,2,3313270.36,3901719.27
35,2011,3,3243896.85,3062439.86
35,2011,4,4024732.95,3527300.05
35,2011,5,3288884.29,3519171.36
35,2011,6,3488589.48,3600735.57
35,2011,7,4107025.92,3628166.56
35,2011,8,3364058.2,3653224.53
35,2011,9,3930198.7,3800427.61
35,2011,10,3184646.68,3492967.86
35,2011,11,4088831.58,3734558.99
35,2011,12,5422691.24,4232056.5
35,2012,1,2555416.23,4022313.02
35,2012,2,3226277.3,3734794.92
35,2012,3,3861165.06,3214286.2
35,2012,4,3164799.57,3417413.98
35,2012,5,3215784.08,3413916.24
35,2012,6,4457729.35,3612771.0
35,2012,7,3460498.01,3711337.15
35,2012,8,4469118.32,4129115.23
35,2012,9,3392804.79,3774140.37
35,2012,10,3434129.81,3765350.97
36,2010,2,1854910.91,1854910.91
36,2010,3,1754928.13,1804919.52
36,2010,4,2264705.73,1958181.59
36,2010,5,1888074.16,1969236.01
36,2010,6,1859374.65,2004051.51
36,2010,7,2257400.89,2001616.57
36,2010,8,1787880.37,1968218.64
36,2010,9,1739808.63,1928363.3
36,2010,10,2137439.79,1888376.26
36,2010,11,1652172.37,1843140.26
36,2010,12,1956430.06,1915347.41
36,2011,1,1566522.75,1725041.73
36,2011,2,1626477.37,1716476.73
36,2011,3,1632230.86,1608410.33
36,2011,4,1944669.76,1734459.33
36,2011,5,1513556.69,1696819.1
36,2011,6,1502541.18,1653589.21
36,2011,7,1833039.36,1616379.08
36,2011,8,1479438.22,1605006.25
36,2011,9,1683660.55,1665379.38
36,2011,10,1323042.01,1495380.26
36,2011,11,1307599.52,1438100.69
36,2011,12,1559840.48,1396827.34
36,2012,1,1287816.31,1385085.44
36,2012,2,1286311.95,1377989.58
36,2012,3,1591434.88,1388521.05
36,2012,4,1302739.19,1393495.34
36,2012,5,1273885.16,1389353.08
36,2012,6,1575367.23,1383997.19
36,2012,7,1187849.28,1345700.56
36,2012,8,1483737.73,1415651.41
36,2012,9,1160104.63,1277230.55
36,2012,10,1137224.17,1260355.51
37,2010,2,2089857.75,2089857.75
37,2010,3,2008069.74,2048963.75
37,2010,4,2622932.69,2240286.73
37,2010,5,2091166.77,2240723.07
37,2010,6,1952291.14,2222130.2
37,2010,7,2465809.65,2169755.85
37,2010,8,1999480.42,2139193.74
37,2010,9,2016240.48,2160510.18
37,2010,10,2578198.74,2197973.21
37,2010,11,2093574.99,2229338.07
37,2010,12,2590847.49,2420873.74
37,2011,1,2108240.1,2264220.86
37,2011,2,2157948.38,2285678.66
37,2011,3,2033791.64,2099993.37
37,2011,4,2651410.36,2281050.13
37,2011,5,2100036.1,2261746.03
37,2011,6,2044437.06,2265294.51
37,2011,7,2515349.33,2219940.83
37,2011,8,2048137.04,2202641.14
37,2011,9,2582942.55,2382142.97
37,2011,10,2076592.63,2235890.74
37,2011,11,2107243.51,2255592.9
37,2011,12,2655367.07,2279734.4
37,2012,1,2162575.62,2308395.4
37,2012,2,2142233.88,2320058.86
37,2012,3,2600706.93,2301838.81
37,2012,4,2124112.59,2289017.8
37,2012,5,2138768.43,2287862.65
37,2012,6,2561668.35,2274849.79
37,2012,7,2043737.52,2248058.1
37,2012,8,2593566.72,2399657.53
37,2012,9,2090764.0,2242689.41
37,2012,10,2154640.65,2279657.12
38,2010,2,1362171.69,1362171.69
38,2010,3,1383147.39,1372659.54
38,2010,4,1721384.97,1488901.35
38,2010,5,1396798.25,1500443.54
38,2010,6,1388752.14,1502311.79
38,2010,7,1708024.76,1497858.38
38,2010,8,1371983.45,1489586.78
38,2010,9,1380182.33,1486730.18
38,2010,10,1729533.01,1493899.6
38,2010,11,1430469.26,1513394.87
38,2010,12,1715347.27,1625116.51
38,2011,1,1441138.57,1528985.03
38,2011,2,1498853.26,1551779.7
38,2011,3,1464328.18,1468106.67
38,2011,4,1844187.7,1602456.38
38,2011,5,1511781.3,1606765.73
38,2011,6,1489465.03,1615144.68
38,2011,7,1874908.92,1625385.08
38,2011,8,1553372.74,1639248.9
38,2011,9,1984399.19,1804226.95
38,2011,10,1631195.41,1722989.11
38,2011,11,1633805.89,1749800.16
38,2011,12,2013322.26,1759441.19
38,2012,1,1719842.24,1788990.13
38,2012,2,1752424.64,1828529.71
38,2012,3,2173508.86,1881925.25
38,2012,4,1756638.97,1894190.82
38,2012,5,1756795.12,1895647.65
38,2012,6,2124484.73,1879306.27
38,2012,7,1735993.18,1872424.34
38,2012,8,2140200.93,2000226.28
38,2012,9,1729288.27,1868494.13
38,2012,10,1741896.51,1870461.9
39,2010,2,4895999.86,4895999.86
39,2010,3,5047330.83,4971665.35
39,2010,4,6577921.31,5507084.0
39,2010,5,5298917.48,5641389.87
39,2010,6,5532340.53,5803059.77
39,2010,7,6645706.92,5825654.98
39,2010,8,5670787.78,5949611.74
39,2010,9,5077199.05,5797897.92
39,2010,10,6300802.59,5682929.81
39,2010,11,6105120.64,5827707.43
39,2010,12,8630149.33,7012024.19
39,2011,1,4819743.69,6518337.89
39,2011,2,5147822.76,6199238.59
39,2011,3,5232847.08,5066804.51
39,2011,4,6958319.79,5779663.21
39,2011,5,5475974.99,5889047.29
39,2011,6,5798398.29,6077564.36
39,2011,7,7067075.13,6113816.14
39,2011,8,6235812.39,6367095.27
39,2011,9,6917370.12,6740085.88
39,2011,10,5766552.62,6306578.38
39,2011,11,6859816.64,6514579.79
39,2011,12,9497869.8,7374746.35
39,2012,1,5562805.94,7306830.79
39,2012,2,5762245.32,6940973.69
39,2012,3,7415552.83,6246868.03
39,2012,4,6235968.91,6471255.69
39,2012,5,6102034.95,6584518.9
39,2012,6,7876124.6,6738042.82
39,2012,7,6200449.56,6726203.04
39,2012,8,8405961.26,7494178.47
39,2012,9,6108705.41,6905038.74
39,2012,10,6215814.07,6910160.25
40,2010,2,3737488.7,3737488.7
40,2010,3,3657724.56,3697606.63
40,2010,4,4505475.08,3966896.11
40,2010,5,3811156.51,3991452.05
40,2010,6,3973514.03,4096715.21
40,2010,7,4980793.62,4255154.72
40,2010,8,3836032.65,4263446.77
40,2010,9,3643184.42,4153336.9
40,2010,10,4538660.63,4005959.23
40,2010,11,3922347.76,4034730.94
40,2010,12,5750981.56,4737329.98
40,2011,1,3205520.99,4292950.1
40,2011,2,3693764.89,4216755.81
40,2011,3,3542971.85,3480752.58
40,2011,4,4476391.62,3904376.12
40,2011,5,3800101.21,3939821.56
40,2011,6,4008550.09,4095014.31
40,2011,7,5019223.5,4275958.27
40,2011,8,3932173.57,4319982.39
40,2011,9,4658793.12,4536730.06
40,2011,10,3891137.26,4160701.32
40,2011,11,4184420.19,4244783.52
40,2011,12,5927494.64,4667684.03
40,2012,1,3316707.09,4476207.31
40,2012,2,3874140.5,4372780.74
40,2012,3,4489556.57,3893468.05
40,2012,4,3762228.24,4041975.1
40,2012,5,3848390.84,4033391.88
40,2012,6,5117118.45,4242579.18
40,2012,7,4085649.5,4350386.26
40,2012,8,4978223.81,4726997.25
40,2012,9,3809322.06,4291065.12
40,2012,10,3891070.28,4226205.38
41,2010,2,4206165.99,4206165.99
41,2010,3,4109349.35,4157757.67
41,2010,4,5425674.24,4580396.53
41,2010,5,4702065.81,4745696.47
41,2010,6,4899440.07,5009060.04
41,2010,7,6032498.26,5211334.71
41,2010,8,5151079.27,5361005.87
41,2010,9,4618140.46,5267239.33
41,2010,10,5706030.18,5158416.64
41,2010,11,5378041.57,5234070.74
41,2010,12,7509735.45,6197935.73
41,2011,1,4320671.42,5736149.48
41,2011,2,4632538.43,5487648.43
41,2011,3,4644429.72,4532546.52
41,2011,4,6061682.47,5112883.54
41,2011,5,5037829.31,5247980.5
41,2011,6,5142808.88,5414106.89
41,2011,7,6459144.09,5546594.09
41,2011,8,5500624.25,5700859.07
41,2011,9,6095507.14,6018425.16
41,2011,10,5014420.3,5536850.56
41,2011,11,5755015.46,5621647.63
41,2011,12,8051202.84,6273546.2
41,2012,1,4538652.94,6114957.08
41,2012,2,5003037.28,5864297.69
41,2012,3,6139917.22,5227202.48
41,2012,4,5253005.02,5465319.84
41,2012,5,5469070.74,5620664.33
41,2012,6,6937866.97,5886647.58
41,2012,7,5480794.86,5962577.52
41,2012,8,7329723.71,6582795.18
41,2012,9,5283325.44,6031281.34
41,2012,10,5452445.75,6021831.63
42,2010,2,2119399.42,2119399.42
42,2010,3,2141271.82,2130335.62
42,2010,4,2607968.47,2289546.57
42,2010,5,2135691.96,2294977.42
42,2010,6,2177010.92,2306890.45
42,2010,7,2596789.98,2303164.29
42,2010,8,2129563.32,2301121.41
42,2010,9,2142883.64,2289745.65
42,2010,10,2640003.89,2304150.28
42,2010,11,2200595.93,2327827.82
42,2010,12,2606910.56,2482503.46
42,2011,1,2239343.31,2348949.93
42,2011,2,2298339.22,2381531.03
42,2011,3,2259086.54,2265589.69
42,2011,4,2756771.4,2438065.72
42,2011,5,2243217.34,2419691.76
42,2011,6,2210267.6,2403418.78
42,2011,7,2681855.01,2378446.65
42,2011,8,2206112.8,2366078.47
42,2011,9,2761083.03,2549683.61
42,2011,10,2315518.45,2427571.43
42,2011,11,2386164.74,2487588.74
42,2011,12,2759543.23,2487075.47
42,2012,1,2419199.17,2521635.71
42,2012,2,2434343.31,2537695.24
42,2012,3,2970113.27,2607885.25
42,2012,4,2370590.28,2591682.29
42,2012,5,2379279.54,2573327.7
42,2012,6,2818369.45,2522746.42
42,2012,7,2293471.77,2497040.25
42,2012,8,2766000.4,2625947.21
42,2012,9,2237287.17,2432253.11
42,2012,10,2261705.49,2421664.35
43,2010,2,2607648.61,2607648.61
43,2010,3,2595183.41,2601416.01
43,2010,4,3288140.8,2830324.27
43,2010,5,2684728.03,2856017.41
43,2010,6,2691242.39,2888037.07
43,2010,7,3354094.26,2910021.56
43,2010,8,2780169.75,2941835.47
43,2010,9,2786753.94,2973672.65
43,2010,10,3361313.34,2976079.01
43,2010,11,2424369.12,2857478.8
43,2010,12,2963362.34,2916348.27
43,2011,1,2390299.74,2592677.07
43,2011,2,2506140.53,2619934.2
43,2011,3,2466532.15,2454324.14
43,2011,4,3147507.2,2706726.63
43,2011,5,2560344.46,2724794.6
43,2011,6,2544720.68,2750857.45
43,2011,7,3001028.9,2702031.35
43,2011,8,2426552.55,2657434.04
43,2011,9,3003522.11,2810367.85
43,2011,10,2400955.71,2610343.46
43,2011,11,2555961.7,2653479.84
43,2011,12,3049629.72,2668849.04
43,2012,1,2541433.68,2715675.03
43,2012,2,2565050.38,2718704.59
43,2012,3,3225834.01,2777439.36
43,2012,4,2555439.76,2782108.05
43,2012,5,2524071.44,2768448.4
43,2012,6,3089325.15,2722945.45
43,2012,7,2442254.2,2685216.93
43,2012,8,3089524.5,2873701.28
43,2012,9,2468793.46,2666857.39
43,2012,10,2473507.39,2677275.12
44,2010,2,1108983.45,1108983.45
44,2010,3,1102711.79,1105847.62
44,2010,4,1374892.23,1195529.16
44,2010,5,1130852.14,1202818.72
44,2010,6,1160898.62,1222214.33
44,2010,7,1445902.04,1245884.27
44,2010,8,1165728.16,1257509.61
44,2010,9,1140013.16,1250547.79
44,2010,10,1404993.11,1236911.48
44,2010,11,1144395.65,1229800.64
44,2010,12,1428149.1,1325845.95
44,2011,1,1133348.94,1235297.9
44,2011,2,1161653.5,1241050.51
44,2011,3,1145212.17,1146738.2
44,2011,4,1425285.69,1244050.45
44,2011,5,1218451.7,1262983.19
44,2011,6,1214741.92,1286159.77
44,2011,7,1482599.11,1305264.24
44,2011,8,1203564.59,1300301.87
44,2011,9,1516495.93,1400886.54
44,2011,10,1217915.02,1312658.51
44,2011,11,1239019.95,1324476.97
44,2011,12,1539906.15,1332280.37
44,2012,1,1262933.58,1347286.56
44,2012,2,1287697.03,1363512.25
44,2012,3,1559065.76,1369898.79
44,2012,4,1284983.48,1377248.76
44,2012,5,1344745.08,1396264.77
44,2012,6,1676677.22,1435468.59
44,2012,7,1352615.49,1458012.6
44,2012,8,1680846.13,1570046.28
44,2012,9,1377789.54,1470417.05
44,2012,10,1360020.41,1472885.36
45,2010,2,3130833.84,3130833.84
45,2010,3,3100021.51,3115427.67
45,2010,4,3980285.29,3403713.55
45,2010,5,3119359.64,3399888.81
45,2010,6,3239677.04,3446440.66
45,2010,7,3742379.21,3367138.63
45,2010,8,2899092.15,3293716.13
45,2010,9,2906821.08,3182764.15
45,2010,10,3614812.29,3140241.84
45,2010,11,3436151.0,3319261.46
45,2010,12,5366910.32,4139291.2
45,2011,1,2595766.21,3799609.18
45,2011,2,3061868.52,3674848.35
45,2011,3,2929197.11,2862277.28
45,2011,4,3828070.54,3273045.39
45,2011,5,3148856.66,3302041.44
45,2011,6,3265834.07,3414253.76
45,2011,7,3754954.78,3389881.84
45,2011,8,3036519.54,3352436.13
45,2011,9,3597072.27,3462848.86
45,2011,10,3027775.01,3220455.61
45,2011,11,3586330.75,3403726.01
45,2011,12,5303122.42,3972409.39
45,2012,1,2715170.43,3868207.87
45,2012,2,3172902.6,3730398.48
45,2012,3,3917194.54,3268422.52
45,2012,4,3169683.65,3419926.93
45,2012,5,3171371.5,3419416.56
45,2012,6,4049712.68,3463589.28
45,2012,7,3042463.41,3421182.53
45,2012,8,3633793.89,3575323.33
45,2012,9,2905011.08,3193756.13
45,2012,10,2946326.39,3161710.45
